activation_ms_confidence_interval_95,activation_ms_count,activation_ms_mean,activation_ms_median,activation_ms_p50,activation_ms_p95,activation_ms_standard_deviation,active_adapter_count_confidence_interval_95,active_adapter_count_count,active_adapter_count_mean,active_adapter_count_median,active_adapter_count_p50,active_adapter_count_p95,active_adapter_count_standard_deviation,adapter_evictions_confidence_interval_95,adapter_evictions_count,adapter_evictions_mean,adapter_evictions_median,adapter_evictions_p50,adapter_evictions_p95,adapter_evictions_standard_deviation,adapter_loads_confidence_interval_95,adapter_loads_count,adapter_loads_mean,adapter_loads_median,adapter_loads_p50,adapter_loads_p95,adapter_loads_standard_deviation,cache_hit_rate_confidence_interval_95,cache_hit_rate_count,cache_hit_rate_mean,cache_hit_rate_median,cache_hit_rate_p50,cache_hit_rate_p95,cache_hit_rate_standard_deviation,cache_request_hit_rate_confidence_interval_95,cache_request_hit_rate_count,cache_request_hit_rate_mean,cache_request_hit_rate_median,cache_request_hit_rate_p50,cache_request_hit_rate_p95,cache_request_hit_rate_standard_deviation,end_to_end_ms_confidence_interval_95,end_to_end_ms_count,end_to_end_ms_mean,end_to_end_ms_median,end_to_end_ms_p50,end_to_end_ms_p95,end_to_end_ms_standard_deviation,false_activations_confidence_interval_95,false_activations_count,false_activations_mean,false_activations_median,false_activations_p50,false_activations_p95,false_activations_standard_deviation,first_token_ms_confidence_interval_95,first_token_ms_count,first_token_ms_mean,first_token_ms_median,first_token_ms_p50,first_token_ms_p95,first_token_ms_standard_deviation,generation_ms_confidence_interval_95,generation_ms_count,generation_ms_mean,generation_ms_median,generation_ms_p50,generation_ms_p95,generation_ms_standard_deviation,host_rss_before_generation_mb_confidence_interval_95,host_rss_before_generation_mb_count,host_rss_before_generation_mb_mean,host_rss_before_generation_mb_median,host_rss_before_generation_mb_p50,host_rss_before_generation_mb_p95,host_rss_before_generation_mb_standard_deviation,loading_ms_confidence_interval_95,loading_ms_count,loading_ms_mean,loading_ms_median,loading_ms_p50,loading_ms_p95,loading_ms_standard_deviation,mps_current_before_generation_mb_confidence_interval_95,mps_current_before_generation_mb_count,mps_current_before_generation_mb_mean,mps_current_before_generation_mb_median,mps_current_before_generation_mb_p50,mps_current_before_generation_mb_p95,mps_current_before_generation_mb_standard_deviation,mps_current_peak_generation_mb_confidence_interval_95,mps_current_peak_generation_mb_count,mps_current_peak_generation_mb_mean,mps_current_peak_generation_mb_median,mps_current_peak_generation_mb_p50,mps_current_peak_generation_mb_p95,mps_current_peak_generation_mb_standard_deviation,mps_driver_before_generation_mb_confidence_interval_95,mps_driver_before_generation_mb_count,mps_driver_before_generation_mb_mean,mps_driver_before_generation_mb_median,mps_driver_before_generation_mb_p50,mps_driver_before_generation_mb_p95,mps_driver_before_generation_mb_standard_deviation,mps_driver_peak_generation_mb_confidence_interval_95,mps_driver_peak_generation_mb_count,mps_driver_peak_generation_mb_mean,mps_driver_peak_generation_mb_median,mps_driver_peak_generation_mb_p50,mps_driver_peak_generation_mb_p95,mps_driver_peak_generation_mb_standard_deviation,phase,planning_ms_confidence_interval_95,planning_ms_count,planning_ms_mean,planning_ms_median,planning_ms_p50,planning_ms_p95,planning_ms_standard_deviation,policy,quality_confidence_interval_95,quality_count,quality_delta_base_confidence_interval_95,quality_delta_base_count,quality_delta_base_mean,quality_delta_base_median,quality_delta_base_p50,quality_delta_base_p95,quality_delta_base_standard_deviation,quality_delta_oracle_confidence_interval_95,quality_delta_oracle_count,quality_delta_oracle_mean,quality_delta_oracle_median,quality_delta_oracle_p50,quality_delta_oracle_p95,quality_delta_oracle_standard_deviation,quality_mean,quality_median,quality_p50,quality_p95,quality_standard_deviation,resident_adapter_count_confidence_interval_95,resident_adapter_count_count,resident_adapter_count_mean,resident_adapter_count_median,resident_adapter_count_p50,resident_adapter_count_p95,resident_adapter_count_standard_deviation,routing_f1_confidence_interval_95,routing_f1_count,routing_f1_mean,routing_f1_median,routing_f1_p50,routing_f1_p95,routing_f1_standard_deviation,routing_ms_confidence_interval_95,routing_ms_count,routing_ms_mean,routing_ms_median,routing_ms_p50,routing_ms_p95,routing_ms_standard_deviation,routing_precision_confidence_interval_95,routing_precision_count,routing_precision_mean,routing_precision_median,routing_precision_p50,routing_precision_p95,routing_precision_standard_deviation,routing_recall_confidence_interval_95,routing_recall_count,routing_recall_mean,routing_recall_median,routing_recall_p50,routing_recall_p95,routing_recall_standard_deviation,synchronization_ms_confidence_interval_95,synchronization_ms_count,synchronization_ms_mean,synchronization_ms_median,synchronization_ms_p50,synchronization_ms_p95,synchronization_ms_standard_deviation,tokens_per_second_confidence_interval_95,tokens_per_second_count,tokens_per_second_mean,tokens_per_second_median,tokens_per_second_p50,tokens_per_second_p95,tokens_per_second_standard_deviation,unloading_ms_confidence_interval_95,unloading_ms_count,unloading_ms_mean,unloading_ms_median,unloading_ms_p50,unloading_ms_p95,unloading_ms_standard_deviation
"[27.37510328565672, 215.95042227279345]",36,121.66276277922508,21.851687502930872,21.851687502930872,925.920114510518,288.63569232725007,"[0.8438234617136392, 1.1561765382863607]",36,1.0,1.0,1.0,2.0,0.47809144373375745,"[0.0, 0.0]",36,0.0,0.0,0.0,0.0,0.0,"[0.0, 0.0]",36,0.0,0.0,0.0,0.0,0.0,"[0.7847711966979817, 0.993006581079796]",36,0.8888888888888888,1.0,1.0,1.0,0.3187276291558383,"[1.0, 1.0]",36,1.0,1.0,1.0,1.0,0.0,"[6571.609010049342, 9692.493119507362]",36,8132.051064778352,8542.63324951171,8542.63324951171,15441.407604259439,4776.8634328439075,"[0.006993418920203928, 0.21522880330201827]",36,0.1111111111111111,0.0,0.0,1.0,0.3187276291558383,"[369.3589679949845, 442.80461294971246]",36,406.0817904723485,385.09187450108584,385.09187450108584,590.5441354916547,112.4168035021347,"[6457.09801726186, 9546.23786695094]",36,8001.6679421064,8514.427603993681,8514.427603993681,15378.572646492103,4728.275280136348,"[629.5471600158919, 630.0153399841081]",36,629.78125,629.7890625,629.7890625,629.83203125,0.7166019921675989,"[0.0, 0.0]",36,0.0,0.0,0.0,0.0,0.0,"[3397.1311764126363, 3427.2228817470864]",36,3412.1770290798613,3396.12060546875,3396.12060546875,3540.46435546875,46.0587326547707,"[3401.5144488889223, 3431.750538632779]",36,3416.6324937608506,3401.0579833984375,3401.0579833984375,3545.5043334960938,46.279729199780434,"[3565.312364489153, 3593.9628091219583]",36,3579.6375868055557,3602.75,3602.75,3602.75,43.85272137674317,"[3565.3300988166948, 3593.9789289610826]",36,3579.6545138888887,3602.765625,3602.765625,3602.765625,43.850250221001524,methods,"[0.000852298290053454, 0.001078314004570795]",36,0.0009653061473121246,0.0008545030141249299,0.0008545030141249299,0.0017185084288939834,0.00034594242017960364,all_resident,"[0.26014293511890163, 0.49170891673295025]",36,"[0.030496654720050892, 0.1880218637984676]",36,0.10925925925925925,0.0,0.0,0.5,0.2411100138955358,"[-0.005333333333333331, 0.016444444444444442]",36,0.005555555555555556,0.0,0.0,0.0,0.03333333333333333,0.37592592592592594,0.25,0.25,1.0,0.35443772696027853,"[3.0, 3.0]",36,3.0,3.0,3.0,3.0,0.0,"[0.725454110335019, 0.9338051489242402]",36,0.8296296296296296,1.0,1.0,1.0,0.31890465090186915,"[1.1538693202157917, 1.2908574003529323]",36,1.222363360284362,1.200958009576425,1.200958009576425,1.5984060009941459,0.20967563286297017,"[0.7847711966979817, 0.993006581079796]",36,0.8888888888888888,1.0,1.0,1.0,0.3187276291558383,"[0.6865466122817652, 0.9060459803108274]",36,0.7962962962962963,1.0,1.0,1.0,0.3359684204526464,"[-0.007157770212271486, 1.008808439837197]",36,0.5008253348124627,0.018604492652229965,0.018604492652229965,4.402467733598314,1.5550503215042886,"[6.8434926920508214, 7.440201215036366]",36,7.141846953543594,7.582568435173725,7.582568435173725,8.068683991939073,0.9133293719166493,"[0.0, 0.0]",36,0.0,0.0,0.0,0.0,0.0
"[0.011974580224304351, 0.014546367740247198]",36,0.013260473982275775,0.013562515960074961,0.013562515960074961,0.018239756172988564,0.003936409463177826,"[0.0, 0.0]",36,0.0,0.0,0.0,0.0,0.0,"[0.0, 0.0]",36,0.0,0.0,0.0,0.0,0.0,"[0.0, 0.0]",36,0.0,0.0,0.0,0.0,0.0,"[0.0, 0.0]",36,0.0,0.0,0.0,0.0,0.0,,0,,,,,,"[6970.649387938724, 10030.54269094814]",36,8500.596039443431,10539.374042011332,10539.374042011332,14313.962365238694,4683.5101576674715,"[0.0, 0.0]",36,0.0,0.0,0.0,0.0,0.0,"[296.1213660054999, 356.8388701092732]",36,326.48011805738656,323.86568750371225,323.86568750371225,474.8499687630101,92.93495526087747,"[6963.307980964492, 10023.074516814035]",36,8493.191248889263,10532.006041990826,10532.006041990826,14306.09920850111,4683.316126300319,"[575.6915082301149, 599.627068158774]",36,587.6592881944445,596.09375,596.09375,596.140625,36.63606111529443,"[0.0, 0.0]",36,0.0,0.0,0.0,0.0,0.0,"[2968.77685546875, 2968.77685546875]",36,2968.77685546875,2968.77685546875,2968.77685546875,2968.77685546875,0.0,"[2973.1599801206144, 2973.9046900182743]",36,2973.5323350694443,2974.0003662109375,2974.0003662109375,2974.5628051757812,1.1398620882551938,"[3167.0468909199462, 3169.8810604689425]",36,3168.4639756944443,3170.75,3170.75,3170.75,4.338014615810054,"[3167.8859691397456, 3170.0897253046987]",36,3168.987847222222,3170.765625,3170.765625,3170.765625,3.3730961708462712,methods,"[0.0006788348602692402, 0.0008373340380127115]",36,0.0007580844491409758,0.0007290072971954942,0.0007290072971954942,0.0012089803931303322,0.00024260078226041534,base_only,"[0.16219168295179726, 0.37114165038153607]",36,"[0.0, 0.0]",36,0.0,0.0,0.0,0.0,0.0,"[-0.18555280035584104, -0.02185460705156636]",36,-0.1037037037037037,0.0,0.0,0.4,0.25055845913919594,0.26666666666666666,0.25,0.25,1.0,0.3198213787189879,"[0.0, 0.0]",36,0.0,0.0,0.0,0.0,0.0,"[0.08448746191266612, 0.3599569825317783]",36,0.2222222222222222,0.0,0.0,1.0,0.4216370213557839,"[0.0, 0.0]",36,0.0,0.0,0.0,0.0,0.0,"[0.08448746191266612, 0.3599569825317783]",36,0.2222222222222222,0.0,0.0,1.0,0.4216370213557839,"[0.08448746191266612, 0.3599569825317783]",36,0.2222222222222222,0.0,0.0,1.0,0.4216370213557839,"[0.011209172759480858, 0.013809210730647793]",36,0.012509191745064326,0.012395510566420853,0.012395510566420853,0.018791739421430975,0.0039796499558677565,"[7.86137362304168, 9.596447228619942]",36,8.728910425830811,8.565027662383955,8.565027662383955,14.057278376743987,2.655724906497341,"[0.0, 0.0]",36,0.0,0.0,0.0,0.0,0.0
"[3.9752020335987206, 6.626913521226888]",36,5.3010577774128045,6.671124501735903,6.671124501735903,10.625729002640583,4.058742072900256,"[0.5104901283803058, 0.8228432049530274]",36,0.6666666666666666,1.0,1.0,1.0,0.47809144373375745,"[0.5104901283803058, 0.8228432049530274]",36,0.6666666666666666,1.0,1.0,1.0,0.47809144373375745,"[0.5104901283803058, 0.8228432049530274]",36,0.6666666666666666,1.0,1.0,1.0,0.47809144373375745,"[0.0, 0.0]",36,0.0,0.0,0.0,0.0,0.0,"[0.0, 0.0]",24,0.0,0.0,0.0,0.0,0.0,"[8805.74737825129, 12344.315089190797]",36,10575.031233721043,11889.106125003309,11889.106125003309,17503.030187741388,5416.175067764552,"[0.006993418920203928, 0.21522880330201827]",36,0.1111111111111111,0.0,0.0,1.0,0.3187276291558383,"[271.11326403565664, 337.87910602004723]",36,304.49618502785194,275.59600000677165,275.59600000677165,521.2397912546294,102.19261528223055,"[8135.231895961987, 11629.02232626103]",36,9882.12711111151,11640.925416490063,11640.925416490063,16661.203197749273,5347.638413723027,"[615.7375066019173, 630.845826731416]",36,623.2916666666666,620.609375,620.609375,621.671875,23.124979790049085,"[447.8783206396197, 755.9106863097697]",36,601.8945034746947,715.1379165006801,715.1379165006801,1217.1652190154418,471.47811071961746,"[3040.9314445520035, 3085.0805997188295]",36,3063.0060221354165,3110.12060546875,3110.12060546875,3110.12060546875,67.57523750024328,"[3045.5374788417175, 3089.828935546303]",36,3067.6832071940103,3114.28857421875,3114.28857421875,3116.3412475585938,67.79304597640696,"[3281.025644349396, 3282.69397370616]",36,3281.859809027778,3282.75,3282.75,3282.75,2.5535653419858226,"[3281.043794573584, 3282.7096776486387]",36,3281.8767361111113,3282.765625,3282.765625,3282.765625,2.5498210332467064,methods,"[0.000392466274331281, 0.0005449810397158701]",36,0.00046872365702357556,0.0004159956006333232,0.0004159956006333232,0.0009790092008188367,0.00023344096742539152,keyword,"[0.22677878970458587, 0.4732212102954141]",36,"[0.028116588691070248, 0.1385500779755964]",36,0.08333333333333333,0.0,0.0,0.5,0.1690308509457033,"[-0.08379771233888322, 0.043056971598142486]",36,-0.020370370370370365,0.0,0.0,0.4,0.194165332556672,0.35,0.25,0.25,1.0,0.3772077866186146,"[0.5104901283803058, 0.8228432049530274]",36,0.6666666666666666,1.0,1.0,1.0,0.47809144373375745,"[0.45933479746923866, 0.7628874247529837]",36,0.6111111111111112,1.0,1.0,1.0,0.4646213682914464,"[0.06763422029927371, 0.1014261101377052]",36,0.08453016521848945,0.057478988310322165,0.057478988310322165,0.15459401765838265,0.051722280364946124,"[0.5104901283803058, 0.8228432049530274]",36,0.6666666666666666,1.0,1.0,1.0,0.47809144373375745,"[0.4383562108467586, 0.7468289743384265]",36,0.5925925925925926,1.0,1.0,1.0,0.4721521890178592,"[0.011590179806665322, 0.014729374501764038]",36,0.01315977715421468,0.013229509931989014,0.013229509931989014,0.019812236132565886,0.004804889839436812,"[6.542578486086619, 7.61811831857044]",36,7.0803484023285295,7.412196696672696,7.412196696672696,9.255695536735374,1.6462344374752362,"[60.501440770009765, 98.06639967362975]",36,79.28392022181976,112.07362498680595,112.07362498680595,133.49371875665383,57.497386076969356
"[117.03038246886402, 513.8500155860537]",36,315.44019902745885,6.7278959904797375,6.7278959904797375,1528.8433437526692,607.3769894650862,"[0.8212597230507919, 1.4009624991714305]",36,1.1111111111111112,1.0,1.0,3.0,0.8873001675315898,"[0.8212597230507919, 1.4009624991714305]",36,1.1111111111111112,1.0,1.0,3.0,0.8873001675315898,"[0.8212597230507919, 1.4009624991714305]",36,1.1111111111111112,1.0,1.0,3.0,0.8873001675315898,"[0.0, 0.0]",36,0.0,0.0,0.0,0.0,0.0,"[0.0, 0.0]",40,0.0,0.0,0.0,0.0,0.0,"[6774.097256640567, 10062.069521195024]",36,8418.083388917796,9625.938708486501,9625.938708486501,15301.3566665104,5032.610609011925,"[0.0, 0.0]",36,0.0,0.0,0.0,0.0,0.0,"[210.3949308635717, 275.9143332535817]",36,243.15463205857668,219.3821875116555,219.3821875116555,352.4213954951847,100.28479957654595,"[5719.320699029533, 8484.700032642206]",36,7102.010365835869,7679.475395998452,7679.475395998452,12099.52345774218,4232.723469815314,"[622.106335874342, 637.5690113478802]",36,629.8376736111111,626.0078125,626.0078125,630.28125,23.667360418681,"[616.514657587292, 1134.7353655789043]",36,875.6250115830982,699.750291503733,699.750291503733,2423.9130319765536,793.1949612116514,"[3098.7365641363754, 3216.2060356900133]",36,3157.4712999131943,3109.65185546875,3109.65185546875,3538.05810546875,179.80021156169136,"[3103.2039539419493, 3221.21429963878]",36,3162.2091267903647,3114.795654296875,3114.795654296875,3544.2576904296875,180.62808014821027,"[3507.3868631291525, 3591.362268815292]",36,3549.374565972222,3610.75,3610.75,3618.75,128.53378421347844,"[3507.0737833695966, 3590.9019110748477]",36,3548.987847222222,3610.765625,3610.765625,3618.765625,128.30835873252732,methods,"[0.0003046401204868629, 0.0004569731680969919]",36,0.0003808066442919274,0.00033300602808594704,0.00033300602808594704,0.0007707567419856787,0.00023316282797468724,oracle,"[0.2531576564619242, 0.48758308427881664]",36,"[0.02185460705156636, 0.18555280035584104]",36,0.1037037037037037,0.0,0.0,0.5,0.25055845913919594,"[0.0, 0.0]",36,0.0,0.0,0.0,0.0,0.0,0.3703703703703704,0.25,0.25,1.0,0.35881443033197824,"[0.8212597230507919, 1.4009624991714305]",36,1.1111111111111112,1.0,1.0,3.0,0.8873001675315898,"[1.0, 1.0]",36,1.0,1.0,1.0,1.0,0.0,"[0.00405616119729059, 0.007256119351445863]",36,0.0056561402743682265,0.0049374939408153296,0.0049374939408153296,0.013614757335744798,0.004897895133911132,"[1.0, 1.0]",36,1.0,1.0,1.0,1.0,0.0,"[1.0, 1.0]",36,1.0,1.0,1.0,1.0,0.0,"[0.10177616996169347, 2.129291114242683]",36,1.1155336421021882,0.011167008779011667,0.011167008779011667,9.658385504735634,3.103339200430086,"[8.447594376278571, 9.225278337862887]",36,8.83643635707073,8.899658168731193,8.899658168731193,10.217049752100914,1.1903325942617076,"[87.55969429777898, 148.98446787141043]",36,118.2720810845947,107.18091700982768,107.18091700982768,298.0716245074291,94.01751057188488
"[6.770479555093393, 7.3198119991700885]",36,7.045145777131741,6.872062003822066,6.872062003822066,8.83452023845166,0.8408149654235133,"[1.0, 1.0]",36,1.0,1.0,1.0,1.0,0.0,"[1.0, 1.0]",36,1.0,1.0,1.0,1.0,0.0,"[1.0, 1.0]",36,1.0,1.0,1.0,1.0,0.0,"[0.0, 0.0]",36,0.0,0.0,0.0,0.0,0.0,"[0.0, 0.0]",36,0.0,0.0,0.0,0.0,0.0,"[9041.277369436162, 12501.88598250643]",36,10771.581675971296,13454.546062494046,13454.546062494046,17027.173031259736,5296.849917964695,"[0.4797577604149704, 0.7980200173628073]",36,0.6388888888888888,1.0,1.0,1.0,0.4871361075732195,"[247.30214974831972, 279.9237856920614]",36,263.61296772019057,266.4417085034074,266.4417085034074,347.30854174267733,49.93107542409439,"[8145.494717313559, 11631.226009624985]",36,9888.360363469272,12506.421208498068,12506.421208498068,16170.469030759705,5335.302998435856,"[616.0375639479821, 617.8122624409068]",36,616.9249131944445,617.1640625,617.1640625,618.70703125,2.7163752442723985,"[712.9023034675139, 798.2947058099516]",36,755.5985046387327,719.028770501609,719.028770501609,1096.3470412461902,130.70265664658825,"[3110.1089388020832, 3110.1565776909724]",36,3110.132758246528,3110.12060546875,3110.12060546875,3110.12060546875,0.07291666666666667,"[3114.473759951411, 3115.114876658832]",36,3114.7943183051216,3115.060302734375,3115.060302734375,3115.8731079101562,0.981301082788061,"[3277.6473064799734, 3280.294533797804]",36,3278.9709201388887,3282.75,3282.75,3282.75,4.051878547700435,"[3277.664691995846, 3280.311002448598]",36,3278.987847222222,3282.765625,3282.765625,3282.765625,4.050475182784016,methods,"[0.00033719076049826377, 0.0004060871148978488]",36,0.0003716389376980563,0.0003544992068782449,0.0003544992068782449,0.0005105030140839517,0.0001054536036728343,random,"[0.2779625349548225, 0.5183337613414738]",36,"[0.018157957335660224, 0.24480500562730273]",36,0.13148148148148148,0.0,0.0,1.0,0.3469087473851671,"[-0.0822715938584604, 0.13782714941401597]",36,0.027777777777777776,0.0,0.0,1.0,0.33688583153950463,0.39814814814814814,0.25,0.25,1.0,0.3679151424285479,"[1.0, 1.0]",36,1.0,1.0,1.0,1.0,0.0,"[0.16328386277058435, 0.4478272483405268]",36,0.3055555555555556,0.0,0.0,1.0,0.4355255901580752,"[0.027950187951264544, 0.03426287469377508]",36,0.031106531322519813,0.028166512493044138,0.028166512493044138,0.04760424781125039,0.009662275626291636,"[0.20197998263719272, 0.5202422395850295]",36,0.3611111111111111,0.0,0.0,1.0,0.4871361075732195,"[0.14649556016442, 0.42757851390965407]",36,0.28703703703703703,0.0,0.0,1.0,0.43022901083454196,"[0.011303709969500279, 0.01380538854328254]",36,0.01255454925639141,0.012563017662614584,0.012563017662614584,0.01761447492754087,0.003829099857829992,"[6.870742998571462, 7.350549262204876]",36,7.110646130388169,7.351978540949281,7.351978540949281,7.804605583391229,0.7343973422960401,"[112.78296393687096, 116.83698744989691]",36,114.80997569338393,114.11616699479055,114.11616699479055,124.10664549679495,6.205138030141762
"[7.828242769437793, 286.45223878119776]",36,147.14024077531778,7.340666983509436,7.340666983509436,1057.6055204874137,426.465300018,"[0.8438234617136392, 1.1561765382863607]",36,1.0,1.0,1.0,2.0,0.47809144373375745,"[0.8438234617136392, 1.1561765382863607]",36,1.0,1.0,1.0,2.0,0.47809144373375745,"[0.8438234617136392, 1.1561765382863607]",36,1.0,1.0,1.0,2.0,0.47809144373375745,"[0.0, 0.0]",36,0.0,0.0,0.0,0.0,0.0,"[0.0, 0.0]",36,0.0,0.0,0.0,0.0,0.0,"[8342.728758714633, 11994.08290806486]",36,10168.405833389746,12008.598792002886,12008.598792002886,17364.718312266632,5588.807371454431,"[0.006993418920203928, 0.21522880330201827]",36,0.1111111111111111,0.0,0.0,1.0,0.3187276291558383,"[265.2900227660033, 369.6747135079099]",36,317.4823681369566,285.0589790032245,285.0589790032245,553.5938437533332,159.77248582944887,"[7159.629598618596, 10594.230683766478]",36,8876.930141192537,9873.848812494543,9873.848812494543,15820.747062745795,5257.042477267167,"[632.6785679954031, 633.8848000601525]",36,633.2816840277778,634.25,634.25,634.578125,1.846273568494047,"[804.1154399043231, 1226.2600577587211]",36,1015.1877488315222,823.5919994913274,823.5919994913274,2332.075603742851,646.1397212057113,"[3090.973750962427, 3160.538293308406]",36,3125.7560221354165,3109.65185546875,3109.65185546875,3395.24560546875,106.47634032547862,"[3095.1479373617335, 3165.047022490697]",36,3130.0974799262153,3114.3643798828125,3114.3643798828125,3400.55322265625,106.98839560555655,"[3407.6040787469087, 3453.8933170864243]",36,3430.7486979166665,3458.75,3458.75,3466.75,70.85087500946325,"[3407.6219692818554, 3453.9092807181446]",36,3430.765625,3458.765625,3458.765625,3466.765625,70.84792566778911,methods,"[0.00037593964038326654, 0.000556834891996109]",36,0.00046638726618968777,0.000333995558321476,0.000333995558321476,0.0011039883247576654,0.0002768804871625139,semantic_cache0_high,"[0.2531576564619242, 0.48758308427881664]",36,"[0.02185460705156636, 0.18555280035584104]",36,0.1037037037037037,0.0,0.0,0.5,0.25055845913919594,"[0.0, 0.0]",36,0.0,0.0,0.0,0.0,0.0,0.3703703703703704,0.25,0.25,1.0,0.35881443033197824,"[0.8438234617136392, 1.1561765382863607]",36,1.0,1.0,1.0,2.0,0.47809144373375745,"[0.725454110335019, 0.9338051489242402]",36,0.8296296296296296,1.0,1.0,1.0,0.31890465090186915,"[0.5159458179213202, 0.7360566270247834]",36,0.6260012224730518,0.498791501740925,0.498791501740925,1.4623025126638822,0.336904299648158,"[0.7847711966979817, 0.993006581079796]",36,0.8888888888888888,1.0,1.0,1.0,0.3187276291558383,"[0.6865466122817652, 0.9060459803108274]",36,0.7962962962962963,1.0,1.0,1.0,0.3359684204526464,"[-0.09799308054485412, 1.4717035227887223]",36,0.6868552211219341,0.014520992408506572,0.014520992408506572,4.77343727106927,2.4025968418371066,"[6.295226980016901, 6.982046720303073]",36,6.638636850159987,6.881763633302331,6.881763633302331,7.60026983769171,1.0512547045196512,"[103.72769021921748, 139.25567100347322]",36,121.49168061134534,121.5895209898008,121.5895209898008,222.3477394945803,54.379562424881236
"[9.166840988153325, 341.3864945642739]",36,175.2766677762136,6.831582999438979,6.831582999438979,1721.7933334759437,508.4994697593682,"[0.8438234617136392, 1.1561765382863607]",36,1.0,1.0,1.0,2.0,0.47809144373375745,"[0.8438234617136392, 1.1561765382863607]",36,1.0,1.0,1.0,2.0,0.47809144373375745,"[0.8438234617136392, 1.1561765382863607]",36,1.0,1.0,1.0,2.0,0.47809144373375745,"[0.0, 0.0]",36,0.0,0.0,0.0,0.0,0.0,"[0.0, 0.0]",36,0.0,0.0,0.0,0.0,0.0,"[7275.713687268394, 10426.21473645084]",36,8850.964211859617,9301.21110449545,9301.21110449545,15806.649646241567,4822.195483442519,"[0.006993418920203928, 0.21522880330201827]",36,0.1111111111111111,0.0,0.0,1.0,0.3187276291558383,"[238.7467306250758, 263.63998698414457]",36,251.1933588046102,248.83327100542374,248.83327100542374,319.72406274144305,38.10192299857469,"[6264.7741359215615, 9235.296252906675]",36,7750.035194414118,8220.229333499447,8220.229333499447,13676.493375496648,4546.717525997624,"[629.3517686734738, 630.5588216043041]",36,629.9552951388889,630.921875,630.921875,631.15625,1.8475299961688176,"[660.409909960112, 946.3378495459943]",36,803.3738797530532,712.994562505628,712.994562505628,1660.853729757946,437.6448054885953,"[3090.973750962427, 3160.538293308406]",36,3125.7560221354165,3109.65185546875,3109.65185546875,3395.24560546875,106.47634032547862,"[3095.2987254620502, 3165.1349903582623]",36,3130.2168579101562,3114.5963134765625,3114.5963134765625,3400.2301635742188,106.8922421880793,"[3395.9674988257857, 3448.1965636742143]",36,3422.08203125,3466.75,3466.75,3466.75,79.94244619657506,"[3395.985232355518, 3448.212684311149]",36,3422.0989583333335,3466.765625,3466.765625,3466.765625,79.93997748310916,methods,"[0.0003581150810473693, 0.000444945295865814]",36,0.0004015301884565916,0.00037500285543501377,0.00037500285543501377,0.0006150003173388541,0.00013290339002823171,semantic_cache0_low,"[0.2671757234899712, 0.49578723947299175]",36,"[0.03930954469287856, 0.19032008493675104]",36,0.1148148148148148,0.0,0.0,0.5,0.23113858200592727,"[-0.004066520253076137, 0.02628874247529836]",36,0.011111111111111112,0.0,0.0,0.05,0.04646213682914464,0.3814814814814815,0.25,0.25,1.0,0.3499155856882968,"[0.8438234617136392, 1.1561765382863607]",36,1.0,1.0,1.0,2.0,0.47809144373375745,"[0.725454110335019, 0.9338051489242402]",36,0.8296296296296296,1.0,1.0,1.0,0.31890465090186915,"[0.4786784108208472, 0.618138754365471]",36,0.5484085825931592,0.46349949843715876,0.46349949843715876,0.9206042523146607,0.21345970950707738,"[0.7847711966979817, 0.993006581079796]",36,0.8888888888888888,1.0,1.0,1.0,0.3187276291558383,"[0.6865466122817652, 0.9060459803108274]",36,0.7962962962962963,1.0,1.0,1.0,0.3359684204526464,"[0.032575228566809056, 2.26679060634827]",36,1.1496829174575396,0.012062009773217142,0.012062009773217142,10.902572248596698,3.419717414971624,"[7.1439819044927715, 7.852240948345803]",36,7.498111426419287,7.866286060751282,7.866286060751282,8.506886648326745,1.0840699650811705,"[97.81190789787972, 131.05415710398572]",36,114.43303250093271,113.59677049040329,113.59677049040329,202.90453075722326,50.88099368281529
"[4.660593761233002, 377.935535963303]",36,191.298064862268,4.696146017522551,4.696146017522551,1795.844073232729,571.3391972480664,"[0.8438234617136392, 1.1561765382863607]",36,1.0,1.0,1.0,2.0,0.47809144373375745,"[0.27981991842264764, 0.6090689704662412]",36,0.4444444444444444,0.0,0.0,1.0,0.5039526306789697,"[0.3068278189252083, 0.6376166255192361]",36,0.4722222222222222,0.0,0.0,1.0,0.506309397848002,"[0.316317059533213, 0.6281273849112314]",36,0.4722222222222222,0.5,0.5,1.0,0.4772607021092118,"[0.36238337448076385, 0.6931721810747917]",36,0.5277777777777778,1.0,1.0,1.0,0.506309397848002,"[8131.170281963915, 11725.09459764783]",36,9928.132439805873,11526.945312478347,11526.945312478347,16982.989999749407,5500.90456482232,"[0.006993418920203928, 0.21522880330201827]",36,0.1111111111111111,0.0,0.0,1.0,0.3187276291558383,"[370.1375418756009, 528.881805511765]",36,449.509673693683,342.93397900182754,342.93397900182754,834.6900939868647,242.97591372882272,"[7433.337303775711, 10833.136113051858]",36,9133.236708413784,10218.757958500646,10218.757958500646,15003.544552004314,5203.773687667572,"[627.7988366080497, 643.0561981141725]",36,635.4275173611111,630.2734375,630.2734375,634.65625,23.35310434610646,"[338.68617115572647, 734.7390140657926]",36,536.7125926107595,0.0,0.0,1497.420562991465,606.2033309847952,"[3111.650632597922, 3171.1669672284665]",36,3141.4087999131943,3109.65185546875,3109.65185546875,3395.24560546875,91.09643055695571,"[3115.9485253532885, 3175.896174082475]",36,3145.922349717882,3114.228515625,3114.228515625,3401.4237670898438,91.756605197735,"[3407.471871077493, 3456.50816364473]",36,3431.9900173611113,3458.75,3458.75,3458.75,75.05554984781125,"[3405.3807737423253, 3450.8171429243416]",36,3428.0989583333335,3458.765625,3458.765625,3458.765625,69.54546303369781,methods,"[0.0007090965124829256, 0.0010106876343127446]",36,0.0008598920733978351,0.0007500057108700275,0.0007500057108700275,0.0016042613424360752,0.00046161906402523333,semantic_cache1_high,"[0.26014293511890163, 0.49170891673295025]",36,"[0.030496654720050892, 0.1880218637984676]",36,0.10925925925925925,0.0,0.0,0.5,0.2411100138955358,"[-0.005333333333333331, 0.016444444444444442]",36,0.005555555555555556,0.0,0.0,0.0,0.03333333333333333,0.37592592592592594,0.25,0.25,1.0,0.35443772696027853,"[1.0069934189202039, 1.2152288033020184]",36,1.1111111111111112,1.0,1.0,2.0,0.3187276291558383,"[0.725454110335019, 0.9338051489242402]",36,0.8296296296296296,1.0,1.0,1.0,0.31890465090186915,"[1.0130055292112525, 1.2288833611291545]",36,1.1209444451702035,1.1986669996986166,1.1986669996986166,1.4968229952501133,0.3304252529355642,"[0.7847711966979817, 0.993006581079796]",36,0.8888888888888888,1.0,1.0,1.0,0.3187276291558383,"[0.6865466122817652, 0.9060459803108274]",36,0.7962962962962963,1.0,1.0,1.0,0.3359684204526464,"[0.03125603511209607, 2.166125512061493]",36,1.0986907735867943,0.01562500256113708,0.01562500256113708,8.773240006121341,3.2676573626776477,"[6.0124929672657474, 6.764779646177902]",36,6.388636306721825,6.702528746286395,6.702528746286395,7.3149259709940475,1.1514592024165644,"[35.92846971745119, 79.77311350635426]",36,57.85079161190273,0.0,0.0,157.02362501906464,67.1091486564843
"[7.106683556436195, 413.6295270033431]",36,210.36810527988968,7.0038544945418835,7.0038544945418835,2142.6215202518506,622.2288420105718,"[0.8438234617136392, 1.1561765382863607]",36,1.0,1.0,1.0,2.0,0.47809144373375745,"[0.7465372899571182, 0.9756849322651041]",36,0.8611111111111112,1.0,1.0,1.0,0.35073618720610084,"[0.7847711966979817, 0.993006581079796]",36,0.8888888888888888,1.0,1.0,1.0,0.3187276291558383,"[0.003496709460101964, 0.10761440165100913]",36,0.05555555555555555,0.0,0.0,0.5,0.15936381457791915,"[0.006993418920203928, 0.21522880330201827]",36,0.1111111111111111,0.0,0.0,1.0,0.3187276291558383,"[7570.431254447229, 10873.508896050911]",36,9221.97007524907,9776.668166508898,9776.668166508898,14678.86670849839,5055.73108408727,"[0.006993418920203928, 0.21522880330201827]",36,0.1111111111111111,0.0,0.0,1.0,0.3187276291558383,"[245.9019356870386, 302.42956664968557]",36,274.1657511683621,260.637853978551,260.637853978551,323.26793799438747,86.52188412650052,"[6603.065721809172, 9725.570951911344]",36,8164.318336860258,8936.246332988958,8936.246332988958,13860.562229237985,4779.344739952303,"[629.8303966890886, 630.9864435886892]",36,630.4084201388889,631.390625,631.390625,631.453125,1.7694595402048963,"[612.517602442278, 864.5057726635204]",36,738.5116875528992,712.4451044946909,712.4451044946909,1099.567061981361,385.69617891006493,"[3111.650632597922, 3171.1669672284665]",36,3141.4087999131943,3109.65185546875,3109.65185546875,3395.24560546875,91.09643055695571,"[3115.994720187351, 3175.610490858656]",36,3145.8026055230034,3114.4320068359375,3114.4320068359375,3400.2258911132812,91.24862857852723,"[3392.515805975563, 3443.2038120799925]",36,3417.859809027778,3458.75,3458.75,3458.75,77.58368281290167,"[3392.533540214153, 3443.2199320080695]",36,3417.8767361111113,3458.765625,3458.765625,3458.765625,77.58121192946425,methods,"[0.000825246616720006, 0.001054364448787757]",36,0.0009398055327538815,0.0009585055522620678,0.0009585055522620678,0.0014684919733554125,0.00035069055928737403,semantic_cache1_low,"[0.26014293511890163, 0.49170891673295025]",36,"[0.030496654720050892, 0.1880218637984676]",36,0.10925925925925925,0.0,0.0,0.5,0.2411100138955358,"[-0.005333333333333331, 0.016444444444444442]",36,0.005555555555555556,0.0,0.0,0.0,0.03333333333333333,0.37592592592592594,0.25,0.25,1.0,0.35443772696027853,"[1.0069934189202039, 1.2152288033020184]",36,1.1111111111111112,1.0,1.0,2.0,0.3187276291558383,"[0.725454110335019, 0.9338051489242402]",36,0.8296296296296296,1.0,1.0,1.0,0.31890465090186915,"[1.0962114343440534, 1.3646357912006102]",36,1.2304236127723318,1.2261255033081397,1.2261255033081397,1.9262185087427497,0.41085360743350524,"[0.7847711966979817, 0.993006581079796]",36,0.8888888888888888,1.0,1.0,1.0,0.3187276291558383,"[0.6865466122817652, 0.9060459803108274]",36,0.7962962962962963,1.0,1.0,1.0,0.3359684204526464,"[0.017937033642159816, 2.148035195658114]",36,1.082986114650137,0.01404198701493442,0.01404198701493442,11.339010030496866,3.260354329616257,"[6.734920273544754, 7.343214587977457]",36,7.039067430761105,7.439874217179784,7.439874217179784,7.817112666650402,0.9310627261725056,"[85.9749854046489, 112.83781081707373]",36,99.40639811086132,113.78433348727413,113.78433348727413,126.12018772779265,41.11656950881352
"[7.025500219477294, 227.22177060815707]",36,117.12363541381718,15.030604496132582,15.030604496132582,763.913426992076,337.0351077377752,"[0.8438234617136392, 1.1561765382863607]",36,1.0,1.0,1.0,2.0,0.47809144373375745,"[0.0, 0.0]",36,0.0,0.0,0.0,0.0,0.0,"[-0.008233278728293408, 0.17489994539496007]",36,0.08333333333333333,0.0,0.0,1.0,0.2803059552906941,"[0.6744359701420395, 0.9366751409690717]",36,0.8055555555555556,1.0,1.0,1.0,0.4013864859597432,"[0.8251000546050399, 1.0082332787282933]",36,0.9166666666666666,1.0,1.0,1.0,0.2803059552906941,"[4640.348041449185, 6939.8358846604015]",36,5790.091963054793,6268.695895996643,6268.695895996643,9920.1483234865,3519.624249813086,"[0.006993418920203928, 0.21522880330201827]",36,0.1111111111111111,0.0,0.0,1.0,0.3187276291558383,"[252.56846982886074, 308.7172036695222]",36,280.6428367491915,267.33185349439736,267.33185349439736,462.5826147457701,85.94193955203282,"[4496.549670412862, 6687.489158249411]",36,5592.019414331136,5874.9018124945,5874.9018124945,9301.988686995173,3353.4788079130867,"[631.2301037836779, 631.9157295496553]",36,631.5729166666666,631.2578125,631.2578125,634.90625,1.0494271928226915,"[-8.325687955597715, 157.81943334470762]",36,74.74687269455495,0.0,0.0,775.767375009309,254.3037570923041,"[3359.70439330148, 3418.7850815249085]",36,3389.2447374131943,3397.21435546875,3397.21435546875,3540.52685546875,90.42962483177746,"[3364.1735082698005, 3423.3195608491233]",36,3393.746534559462,3401.6947021484375,3401.6947021484375,3546.1141967773438,90.5296723152893,"[3534.304123122748, 3595.6377171550293]",36,3564.9709201388887,3602.75,3602.75,3602.75,93.87795004941043,"[3534.3224028665495, 3595.653291577895]",36,3564.987847222222,3602.765625,3602.765625,3602.765625,93.87380925205956,methods,"[0.00049731531793301, 0.0006369013769526479]",36,0.0005671083474428289,0.000500003807246685,0.000500003807246685,0.0010619842214509845,0.00021365213115250684,semantic_cache3_high,"[0.2531576564619242, 0.48758308427881664]",36,"[0.02185460705156636, 0.18555280035584104]",36,0.1037037037037037,0.0,0.0,0.5,0.25055845913919594,"[0.0, 0.0]",36,0.0,0.0,0.0,0.0,0.0,0.3703703703703704,0.25,0.25,1.0,0.35881443033197824,"[2.667683099406544, 2.998983567260123]",36,2.8333333333333335,3.0,3.0,3.0,0.50709255283711,"[0.725454110335019, 0.9338051489242402]",36,0.8296296296296296,1.0,1.0,1.0,0.31890465090186915,"[0.7089764706937801, 0.838014145592083]",36,0.7734953081429315,0.6943330081412569,0.6943330081412569,1.1699269889504649,0.19750664525250425,"[0.7847711966979817, 0.993006581079796]",36,0.8888888888888888,1.0,1.0,1.0,0.3187276291558383,"[0.6865466122817652, 0.9060459803108274]",36,0.7962962962962963,1.0,1.0,1.0,0.3359684204526464,"[0.01264971251311732, 0.26258415791079903]",36,0.13761693521195817,0.006666494300588965,0.006666494300588965,1.1633017857093364,0.38255272254747197,"[10.275357008078647, 11.061796971344435]",36,10.668576989711541,11.19294274578587,11.19294274578587,11.740621725983193,1.203734637651716,"[0.0, 0.0]",36,0.0,0.0,0.0,0.0,0.0
"[25.744685569227514, 209.7609373167644]",36,117.75281144299596,20.560124510666355,20.560124510666355,850.0381562407711,281.65752818500545,"[0.8438234617136392, 1.1561765382863607]",36,1.0,1.0,1.0,2.0,0.47809144373375745,"[0.0, 0.0]",36,0.0,0.0,0.0,0.0,0.0,"[-0.008233278728293408, 0.17489994539496007]",36,0.08333333333333333,0.0,0.0,1.0,0.2803059552906941,"[0.6744359701420395, 0.9366751409690717]",36,0.8055555555555556,1.0,1.0,1.0,0.4013864859597432,"[0.8251000546050399, 1.0082332787282933]",36,0.9166666666666666,1.0,1.0,1.0,0.2803059552906941,"[6540.097694698565, 9631.879617634619]",36,8085.988656166592,8843.594041507458,8843.594041507458,13841.497843510297,4732.319269800082,"[0.006993418920203928, 0.21522880330201827]",36,0.1111111111111111,0.0,0.0,1.0,0.3187276291558383,"[338.2578078603275, 392.5701458012704]",36,365.41397683079896,373.1773955078097,373.1773955078097,501.071052000043,83.13112950144321,"[6385.17885000728, 9374.370777270538]",36,7879.774813638909,8273.657354497118,8273.657354497118,12993.090353738808,4575.293766219274,"[628.5314402639191, 629.1725527916366]",36,628.8519965277778,628.828125,628.828125,631.421875,0.981294685281949,"[-9.78875214326635, 171.04677064449862]",36,80.62900925061614,0.0,0.0,799.5328542674542,276.789065491477,"[3377.4620792012865, 3424.947534513991]",36,3401.2048068576387,3397.21435546875,3397.21435546875,3540.55810546875,72.68181935617982,"[3381.7752142065897, 3429.3028429765704]",36,3405.53902859158,3401.5543212890625,3401.5543212890625,3546.1422729492188,72.74637056629753,"[3545.094182574827, 3593.73654659184]",36,3569.4153645833335,3602.75,3602.75,3602.75,74.45259798522441,"[3545.1128413804818, 3593.7517419528513]",36,3569.4322916666665,3602.765625,3602.765625,3602.765625,74.44729679444379,methods,"[0.0007353082274499158, 0.000898913891561897]",36,0.0008171110595059064,0.0008124916348606348,0.0008124916348606348,0.0013749886420555413,0.00025041683282446087,semantic_cache3_low,"[0.2531576564619242, 0.48758308427881664]",36,"[0.02185460705156636, 0.18555280035584104]",36,0.1037037037037037,0.0,0.0,0.5,0.25055845913919594,"[0.0, 0.0]",36,0.0,0.0,0.0,0.0,0.0,0.3703703703703704,0.25,0.25,1.0,0.35881443033197824,"[2.7963245617232086, 3.0370087716101244]",36,2.9166666666666665,3.0,3.0,3.0,0.36839419880650365,"[0.725454110335019, 0.9338051489242402]",36,0.8296296296296296,1.0,1.0,1.0,0.31890465090186915,"[1.1177291413564454, 1.2317917401227465]",36,1.174760440739596,1.1641664896160364,1.1641664896160364,1.4568544793291949,0.1745856103565833,"[0.7847711966979817, 0.993006581079796]",36,0.8888888888888888,1.0,1.0,1.0,0.3187276291558383,"[0.6865466122817652, 0.9060459803108274]",36,0.7962962962962963,1.0,1.0,1.0,0.3359684204526464,"[-0.03826989209842474, 0.5730520539957835]",36,0.2673910809486794,0.017228492652066052,0.017228492652066052,1.250864239409566,0.9356968562666453,"[6.993354141811485, 7.828834962447845]",36,7.411094552129665,8.081532414122282,8.081532414122282,8.390955702530405,1.2787971744434061,"[0.0, 0.0]",36,0.0,0.0,0.0,0.0,0.0
"[12.857719403052442, 229.67796267298394]",27,121.26784103801819,21.92891700542532,21.92891700542532,875.9022457030368,287.4058756017592,"[0.8187979358997585, 1.1812020641002414]",27,1.0,1.0,1.0,2.0,0.4803844614152614,"[0.0, 0.0]",27,0.0,0.0,0.0,0.0,0.0,"[0.0, 0.0]",27,0.0,0.0,0.0,0.0,0.0,"[0.7680875128220612, 1.0096902649557165]",27,0.8888888888888888,1.0,1.0,1.0,0.32025630761017426,"[1.0, 1.0]",27,1.0,1.0,1.0,1.0,0.0,"[6478.09688384529, 10114.457828973678]",27,8296.277356409484,8599.582708004164,8599.582708004164,15041.899350011954,4820.174932363432,"[-0.009690264955716552, 0.23191248717793878]",27,0.1111111111111111,0.0,0.0,1.0,0.32025630761017426,"[367.3235367875614, 452.7702379557995]",27,410.04688737168044,382.9440409899689,382.9440409899689,623.3732167951529,113.26379675704841,"[6375.791545613452, 9956.221766081113]",27,8166.006655847283,8570.995290996507,8570.995290996507,15005.689496092964,4746.036011330378,"[629.7237519982643, 629.785507260995]",27,629.7546296296297,629.796875,629.796875,629.828125,0.08185963215639701,"[0.0, 0.0]",27,0.0,0.0,0.0,0.0,0.0,"[3394.721876286548, 3429.5957235398405]",27,3412.1587999131943,3396.12060546875,3396.12060546875,3540.46435546875,46.226996401606094,"[3398.979027694242, 3434.1134563914056]",27,3416.546242042824,3400.721923828125,3400.721923828125,3545.5068603515624,46.57240989672972,"[3602.75, 3602.75]",27,3602.75,3602.75,3602.75,3602.75,0.0,"[3602.765625, 3602.765625]",27,3602.765625,3602.765625,3602.765625,3602.765625,0.0,warm_methods,"[0.0008654043433875411, 0.0011191190244390443]",27,0.0009922616839132927,0.0009169743862003088,0.0009169743862003088,0.0015955156413838265,0.00033631126393418587,all_resident,"[0.23437564330030308, 0.5063650974404377]",27,"[0.008739214025277442, 0.19866819338212996]",27,0.1037037037037037,0.0,0.0,0.5,0.25176018526206817,"[0.0, 0.0]",27,0.0,0.0,0.0,0.0,0.0,0.37037037037037035,0.25,0.25,1.0,0.3605353727247231,"[3.0, 3.0]",27,3.0,3.0,3.0,3.0,0.0,"[0.7087611603190473, 0.9504980989402119]",27,0.8296296296296296,1.0,1.0,1.0,0.3204341783862369,"[1.1901485854550797, 1.3233697839393783]",27,1.256759184697229,1.2229999992996454,1.2229999992996454,1.6066373966168612,0.17659123807654825,"[0.7680875128220612, 1.0096902649557165]",27,0.8888888888888888,1.0,1.0,1.0,0.32025630761017426,"[0.6689604653450535, 0.9236321272475391]",27,0.7962962962962963,1.0,1.0,1.0,0.3375797890278889,"[-0.10805217252611143, 1.0974720959142692]",27,0.4947099616940789,0.018708989955484867,0.018708989955484867,3.447495281579902,1.5979815939000317,"[6.745978738739124, 7.446216886734414]",27,7.096097812736769,7.582271278705823,7.582271278705823,8.048730749172929,0.9282000380554409,"[0.0, 0.0]",27,0.0,0.0,0.0,0.0,0.0
"[0.013236833096375702, 0.0156429452943056]",27,0.01443988919534065,0.014249992091208696,0.014249992091208696,0.020845702965743836,0.0031894198282085232,"[0.0, 0.0]",27,0.0,0.0,0.0,0.0,0.0,"[0.0, 0.0]",27,0.0,0.0,0.0,0.0,0.0,"[0.0, 0.0]",27,0.0,0.0,0.0,0.0,0.0,"[0.0, 0.0]",27,0.0,0.0,0.0,0.0,0.0,,0,,,,,,"[7444.389473342687, 11078.8986563633]",27,9261.644064852993,10760.895291983616,10760.895291983616,14753.634921496268,4817.720330791341,"[0.0, 0.0]",27,0.0,0.0,0.0,0.0,0.0,"[330.09945582046504, 387.52188358697396]",27,358.8106697037195,343.71204097988084,343.71204097988084,476.30341250041965,76.1162467236332,"[7436.799153382334, 11071.31213365325]",27,9254.055643517791,10752.735290996497,10752.735290996497,14747.49393320235,4817.725364233013,"[596.0034640741557, 596.1099618517702]",27,596.0567129629629,596.109375,596.109375,596.140625,0.1411680319298959,"[0.0, 0.0]",27,0.0,0.0,0.0,0.0,0.0,"[2968.77685546875, 2968.77685546875]",27,2968.77685546875,2968.77685546875,2968.77685546875,2968.77685546875,0.0,"[2973.083418439104, 2973.929222619923]",27,2973.5063205295137,2973.980224609375,2973.980224609375,2974.4039306640625,1.1211549600253485,"[3170.75, 3170.75]",27,3170.75,3170.75,3170.75,3170.75,0.0,"[3170.765625, 3170.765625]",27,3170.765625,3170.765625,3170.765625,3170.765625,0.0,warm_methods,"[0.0007092293339116217, 0.0008832913077342778]",27,0.0007962603208229497,0.0007500057108700275,0.0007500057108700275,0.0012089934898540378,0.00023072769055604406,base_only,"[0.14545074714575906, 0.38788258618757426]",27,"[0.0, 0.0]",27,0.0,0.0,0.0,0.0,0.0,"[-0.19866819338212996, -0.008739214025277442]",27,-0.1037037037037037,0.0,0.0,0.4,0.25176018526206817,0.26666666666666666,0.25,0.25,1.0,0.3213553030046817,"[0.0, 0.0]",27,0.0,0.0,0.0,0.0,0.0,"[0.062417022668614236, 0.38202742177583016]",27,0.2222222222222222,0.0,0.0,1.0,0.4236592728681617,"[0.0, 0.0]",27,0.0,0.0,0.0,0.0,0.0,"[0.062417022668614236, 0.38202742177583016]",27,0.2222222222222222,0.0,0.0,1.0,0.4236592728681617,"[0.062417022668614236, 0.38202742177583016]",27,0.2222222222222222,0.0,0.0,1.0,0.4236592728681617,"[0.012757323126751789, 0.015233337555154885]",27,0.013995330340953337,0.013583980035036802,0.013583980035036802,0.01931687875185162,0.003282078666021258,"[7.123787399164769, 8.37056151342047]",27,7.747174456292619,8.229623909295553,8.229623909295553,9.546374402707727,1.6526602893769577,"[0.0, 0.0]",27,0.0,0.0,0.0,0.0,0.0
"[3.6730112352991684, 6.5558529105109615]",27,5.114432072905065,6.679040991002694,6.679040991002694,9.62387079198379,3.821348151768216,"[0.4854646025664251, 0.8478687307669082]",27,0.6666666666666666,1.0,1.0,1.0,0.4803844614152614,"[0.4854646025664251, 0.8478687307669082]",27,0.6666666666666666,1.0,1.0,1.0,0.4803844614152614,"[0.4854646025664251, 0.8478687307669082]",27,0.6666666666666666,1.0,1.0,1.0,0.4803844614152614,"[0.0, 0.0]",27,0.0,0.0,0.0,0.0,0.0,"[0.0, 0.0]",18,0.0,0.0,0.0,0.0,0.0,"[8459.1013959348, 12688.773301398798]",27,10573.9373486668,11921.424792002654,11921.424792002654,17890.846887489897,5606.637734395645,"[-0.009690264955716552, 0.23191248717793878]",27,0.1111111111111111,0.0,0.0,1.0,0.32025630761017426,"[259.1806746908089, 326.81007508731363]",27,292.9953748890613,272.67983299680054,272.67983299680054,452.0755787001689,89.64608997869762,"[7814.802734352454, 11988.032376761466]",27,9901.41755555696,11762.856082990766,11762.856082990766,17079.845329507953,5531.820744110897,"[615.1221243987945, 635.1429218975018]",27,625.1325231481482,621.484375,621.484375,621.671875,26.5385498539352,"[412.6758342978334, 751.7508879253472]",27,582.2133611115903,715.1140419882722,715.1140419882722,1137.5083373946836,449.46062790458853,"[3037.394242887748, 3088.617801383085]",27,3063.0060221354165,3110.12060546875,3110.12060546875,3110.12060546875,67.89934121816336,"[3041.9375971132813, 3093.340813621672]",27,3067.6392053674767,3114.228515625,3114.228515625,3116.1580810546875,68.13748673341492,"[3282.75, 3282.75]",27,3282.75,3282.75,3282.75,3282.75,0.0,"[3282.765625, 3282.765625]",27,3282.765625,3282.765625,3282.765625,3282.765625,0.0,warm_methods,"[0.0003657462378228883, 0.0005292224187931902]",27,0.00044748432830803923,0.00037500285543501377,0.00037500285543501377,0.0009205017704516648,0.00021669570250093414,keyword,"[0.2070339828795596, 0.49296601712044036]",27,"[0.019268729188193223, 0.14739793747847343]",27,0.08333333333333333,0.0,0.0,0.5,0.16984155512168936,"[-0.09396122730185691, 0.053220486561116186]",27,-0.020370370370370365,0.0,0.0,0.4,0.19509658649673517,0.35,0.25,0.25,1.0,0.37901694705361944,"[0.4854646025664251, 0.8478687307669082]",27,0.6666666666666666,1.0,1.0,1.0,0.4803844614152614,"[0.435014357941914, 0.7872078642803083]",27,0.6111111111111112,1.0,1.0,1.0,0.46684978092392626,"[0.06112926484113231, 0.08784613977641678]",27,0.07448770230877455,0.05604198668152094,0.05604198668152094,0.14135882374830544,0.0354145291893185,"[0.4854646025664251, 0.8478687307669082]",27,0.6666666666666666,1.0,1.0,1.0,0.4803844614152614,"[0.41364157319905615, 0.771543611986129]",27,0.5925925925925926,1.0,1.0,1.0,0.47441672090180914,"[0.011179916429298565, 0.014536305772485885]",27,0.012858111100892225,0.01287501072511077,0.01287501072511077,0.01958319335244596,0.004449058830905488,"[6.6160551259582725, 7.81322362919019]",27,7.2146393775742315,7.397127721181739,7.397127721181739,9.544909743474692,1.586905616953216,"[57.09780963306997, 100.33582629078629]",27,78.71681796192813,112.03633298282512,112.03633298282512,128.84937510243617,57.31411352270977
"[97.94839750471459, 591.8011146440995]",27,344.87475607440706,6.6755829902831465,6.6755829902831465,1672.2621124936265,654.626018526548,"[0.7748143127882559, 1.4474079094339665]",27,1.1111111111111112,1.0,1.0,3.0,0.8915558282417287,"[0.7748143127882559, 1.4474079094339665]",27,1.1111111111111112,1.0,1.0,3.0,0.8915558282417287,"[0.7748143127882559, 1.4474079094339665]",27,1.1111111111111112,1.0,1.0,3.0,0.8915558282417287,"[0.0, 0.0]",27,0.0,0.0,0.0,0.0,0.0,"[0.0, 0.0]",30,0.0,0.0,0.0,0.0,0.0,"[6664.802446061763, 10523.27638416168]",27,8594.039415111722,9861.173791985493,9861.173791985493,15109.752008109353,5114.596607502114,"[0.0, 0.0]",27,0.0,0.0,0.0,0.0,0.0,"[214.65486176488488, 258.20728335482397]",27,236.43107255985444,224.69666702090763,224.69666702090763,325.06397059187293,57.730872693699666,"[5634.764193511446, 8885.068414718207]",27,7259.916304114827,7895.601249998435,7895.601249998435,13070.456582901532,4308.437794274773,"[622.5971746400216, 642.8275938784968]",27,632.7123842592592,627.625,627.625,630.309375,26.816413759789153,"[568.9404474275226, 1154.5317716860654]",27,861.7361095567941,700.9735830069985,700.9735830069985,2295.06035867671,776.2300454750033,"[3089.1854140672453, 3225.3196857591433]",27,3157.2525499131943,3109.65185546875,3109.65185546875,3538.05810546875,180.45265960848468,"[3093.612262378182, 3230.3015469389475]",27,3161.956904658565,3114.773681640625,3114.773681640625,3543.9706298828123,181.18835641032123,"[3612.563952368243, 3615.938362446572]",27,3614.2511574074074,3610.75,3610.75,3618.75,4.472946199927182,"[3612.243609753429, 3615.213566172497]",27,3613.728587962963,3610.765625,3610.765625,3618.765625,3.936823020987291,warm_methods,"[0.0002774566030196761, 0.0004695093744470926]",27,0.00037348298873338435,0.0003329769242554903,0.0003329769242554903,0.0008081085979938506,0.0002545753759030849,oracle,"[0.23437564330030308, 0.5063650974404377]",27,"[0.008739214025277442, 0.19866819338212996]",27,0.1037037037037037,0.0,0.0,0.5,0.25176018526206817,"[0.0, 0.0]",27,0.0,0.0,0.0,0.0,0.0,0.37037037037037035,0.25,0.25,1.0,0.3605353727247231,"[0.7748143127882559, 1.4474079094339665]",27,1.1111111111111112,1.0,1.0,3.0,0.8915558282417287,"[1.0, 1.0]",27,1.0,1.0,1.0,1.0,0.0,"[0.003630539690831566, 0.0074833896299850745]",27,0.00555696466040832,0.004792003892362118,0.004792003892362118,0.012062414316460488,0.005107141720831021,"[1.0, 1.0]",27,1.0,1.0,1.0,1.0,0.0,"[1.0, 1.0]",27,1.0,1.0,1.0,1.0,0.0,"[-0.1182619826732807, 2.2571850321810123]",27,1.069461524753866,0.011250987881794572,0.011250987881794572,7.5511294009629575,3.148771622766932,"[8.162541597852849, 9.113345206771472]",27,8.63794340231216,8.661307031811083,8.661307031811083,10.02220935888681,1.2603368561226311,"[83.66758134032523, 157.5522429625646]",27,120.60991215144492,107.47045898460783,107.47045898460783,304.8175754258409,97.93774578807623
"[6.857202629139568, 7.52018611185364]",27,7.188694370496604,6.884583010105416,6.884583010105416,8.993107889546081,0.8788171504895944,"[1.0, 1.0]",27,1.0,1.0,1.0,1.0,0.0,"[1.0, 1.0]",27,1.0,1.0,1.0,1.0,0.0,"[1.0, 1.0]",27,1.0,1.0,1.0,1.0,0.0,"[0.0, 0.0]",27,0.0,0.0,0.0,0.0,0.0,"[0.0, 0.0]",27,0.0,0.0,0.0,0.0,0.0,"[8860.475372484283, 13014.918994846199]",27,10937.697183665241,13467.802416998893,13467.802416998893,17185.904962502536,5506.918952381117,"[0.4854646025664251, 0.8478687307669082]",27,0.6666666666666666,1.0,1.0,1.0,0.4803844614152614,"[242.34454774854592, 277.5917301016057]",27,259.96813892507583,269.3267920112703,269.3267920112703,318.2251543941675,46.72187040240669,"[7984.942044115287, 12165.728477436696]",27,10075.335260775992,12577.485624991823,12577.485624991823,16364.804662301322,5541.837641408689,"[616.840132389132, 617.909867610868]",27,617.375,617.734375,617.734375,618.69375,1.4179865469586688,"[699.8645208063664, 770.0013033391227]",27,734.9329120727446,718.8909579999745,718.8909579999745,825.5253124953015,92.96974808123224,"[3110.12060546875, 3110.12060546875]",27,3110.12060546875,3110.12060546875,3110.12060546875,3110.12060546875,0.0,"[3114.4697315147964, 3115.1790315060366]",27,3114.8243815104165,3115.26708984375,3115.26708984375,3115.8205810546874,0.9402119560990948,"[3278.9754669882536, 3281.7837922710055]",27,3280.3796296296296,3282.75,3282.75,3282.75,3.7225730157446018,"[3278.9910919882536, 3281.7994172710055]",27,3280.3952546296296,3282.765625,3282.765625,3282.765625,3.7225730157446018,warm_methods,"[0.0003235621142324018, 0.0004081405210392799]",27,0.00036585131763584085,0.000333995558321476,0.000333995558321476,0.0005294015863910317,0.00011211282995873134,random,"[0.23437564330030308, 0.5063650974404377]",27,"[-0.02222766705171915, 0.22963507445912656]",27,0.1037037037037037,0.0,0.0,0.7999999999999995,0.3338564271661008,"[-0.1281292082902802, 0.1281292082902802]",27,0.0,0.0,0.0,0.6999999999999993,0.3396831102433787,0.37037037037037035,0.25,0.25,1.0,0.3605353727247231,"[1.0, 1.0]",27,1.0,1.0,1.0,1.0,0.0,"[0.11797257822416982, 0.43758297733138574]",27,0.2777777777777778,0.0,0.0,1.0,0.4236592728681617,"[0.026873016513110002, 0.032864693130968105]",27,0.02986885482203905,0.027875008527189493,0.027875008527189493,0.037153795710764825,0.007942261472948482,"[0.1521312692330918, 0.5145353974335748]",27,0.3333333333333333,0.0,0.0,1.0,0.4803844614152614,"[0.10201110788008949, 0.416507410638429]",27,0.25925925925925924,0.0,0.0,1.0,0.4168802871199042,"[0.010658901296068961, 0.013637608030125212]",27,0.012148254663097087,0.012459029676392674,0.012459029676392674,0.017324875807389617,0.003948421993035447,"[6.844654927726537, 7.387621179134626]",27,7.116138053430581,7.34212551588705,7.34212551588705,7.988643767097235,0.7197284190566521,"[112.11180522086568, 117.01043544029486]",27,114.56112033058027,114.03024999890476,114.03024999890476,123.22224139352329,6.4933748169976475
"[-11.251293361779261, 270.2897007647547]",27,129.5192037014877,7.6615840080194175,7.6615840080194175,853.4702078846749,373.1964078371997,"[0.8187979358997585, 1.1812020641002414]",27,1.0,1.0,1.0,2.0,0.4803844614152614,"[0.8187979358997585, 1.1812020641002414]",27,1.0,1.0,1.0,2.0,0.4803844614152614,"[0.8187979358997585, 1.1812020641002414]",27,1.0,1.0,1.0,2.0,0.4803844614152614,"[0.0, 0.0]",27,0.0,0.0,0.0,0.0,0.0,"[0.0, 0.0]",27,0.0,0.0,0.0,0.0,0.0,"[8259.133363713094, 12509.97831229271]",27,10384.555838002902,13164.816959004384,13164.816959004384,16986.42933301453,5634.703642375567,"[-0.009690264955716552, 0.23191248717793878]",27,0.1111111111111111,0.0,0.0,1.0,0.32025630761017426,"[259.60723332617914, 396.35489340865985]",27,327.9810633674195,283.67741699912585,283.67741699912585,594.1129124897997,181.26573602985846,"[7042.061691118835, 11035.599302730852]",27,9038.830496924844,10326.420625002356,10326.420625002356,15474.206879391568,5293.630136670368,"[632.4683181105513, 633.8777467042635]",27,633.1730324074074,634.234375,634.234375,634.578125,1.8682667861860889,"[822.2652595406843, 1350.2038606797519]",27,1086.2345601102181,956.8148750113323,956.8148750113323,2346.786591107957,699.8085309564074,"[3085.4000083412207, 3166.063424818502]",27,3125.7317165798613,3109.65185546875,3109.65185546875,3395.24560546875,106.92331810005543,"[3089.56743160854, 3170.6377188544225]",27,3130.1025752314813,3114.371826171875,3114.371826171875,3400.3482666015625,107.4626452760751,"[3460.7775255841407, 3463.8335855269706]",27,3462.3055555555557,3458.75,3458.75,3466.75,4.0509574683346665,"[3460.7931505841407, 3463.8492105269706]",27,3462.3211805555557,3458.765625,3458.765625,3466.765625,4.0509574683346665,warm_methods,"[0.0003807420110367153, 0.0005944432698360005]",27,0.00048759264043635793,0.00037500285543501377,0.00037500285543501377,0.0010545045370236037,0.0002832715085830007,semantic_cache0_high,"[0.23437564330030308, 0.5063650974404377]",27,"[0.008739214025277442, 0.19866819338212996]",27,0.1037037037037037,0.0,0.0,0.5,0.25176018526206817,"[0.0, 0.0]",27,0.0,0.0,0.0,0.0,0.0,0.37037037037037035,0.25,0.25,1.0,0.3605353727247231,"[0.8187979358997585, 1.1812020641002414]",27,1.0,1.0,1.0,2.0,0.4803844614152614,"[0.7087611603190473, 0.9504980989402119]",27,0.8296296296296296,1.0,1.0,1.0,0.3204341783862369,"[0.5174428409492688, 0.7665941988039187]",27,0.6420185198765938,0.5207500071264803,0.5207500071264803,1.338646517251618,0.33026235503497076,"[0.7680875128220612, 1.0096902649557165]",27,0.8888888888888888,1.0,1.0,1.0,0.32025630761017426,"[0.6689604653450535, 0.9236321272475391]",27,0.7962962962962963,1.0,1.0,1.0,0.3375797890278889,"[-0.0653849070628636, 0.9260606086411838]",27,0.4303378507891601,0.014166987966746092,0.014166987966746092,3.7300170195521765,1.3142096985732683,"[6.047584193248563, 6.860173402870387]",27,6.453878798059475,6.632933731252924,6.632933731252924,7.417571883419656,1.077126885265743,"[101.63418653533667, 143.02514071981136]",27,122.329663627574,124.76512501598336,124.76512501598336,223.00614620035049,54.86574154688708
"[-19.695053009830218, 356.90785219363033]",27,168.60639959190007,6.840957998065278,6.840957998065278,1461.7013332783238,499.20563731411164,"[0.8187979358997585, 1.1812020641002414]",27,1.0,1.0,1.0,2.0,0.4803844614152614,"[0.8187979358997585, 1.1812020641002414]",27,1.0,1.0,1.0,2.0,0.4803844614152614,"[0.8187979358997585, 1.1812020641002414]",27,1.0,1.0,1.0,2.0,0.4803844614152614,"[0.0, 0.0]",27,0.0,0.0,0.0,0.0,0.0,"[0.0, 0.0]",27,0.0,0.0,0.0,0.0,0.0,"[7125.095303480651, 10914.384921997767]",27,9019.74011273921,9338.417333987309,9338.417333987309,16150.832708290545,5022.889395815002,"[-0.009690264955716552, 0.23191248717793878]",27,0.1111111111111111,0.0,0.0,1.0,0.32025630761017426,"[235.16159706186028, 264.0183781238555]",27,249.58998759285788,246.40370899578556,246.40370899578556,319.8250623827334,38.25107980275544,"[6152.9454801245665, 9708.663035134019]",27,7930.804257629293,8432.974541996373,8432.974541996373,14817.435825199935,4713.278160184407,"[629.2525257301371, 630.6722427883814]",27,629.9623842592592,631.0,631.0,631.15625,1.8819046509575303,"[638.9898631604519, 954.7868963305914]",27,796.8883797455217,714.8692500195466,714.8692500195466,1531.6320590995017,418.60446913025186,"[3085.4000083412207, 3166.063424818502]",27,3125.7317165798613,3109.65185546875,3109.65185546875,3395.24560546875,106.92331810005543,"[3089.6488856360666, 3170.6845742887017]",27,3130.166729962384,3114.58349609375,3114.58349609375,3400.0247314453127,107.41678314237038,"[3462.9754669882536, 3465.7837922710055]",27,3464.3796296296296,3466.75,3466.75,3466.75,3.7225730157446018,"[3462.9910919882536, 3465.7994172710055]",27,3464.3952546296296,3466.765625,3466.765625,3466.765625,3.7225730157446018,warm_methods,"[0.00034399445445655526, 0.0004306050710690588]",27,0.00038729976276280704,0.00037500285543501377,0.00037500285543501377,0.0005713984137400985,0.00011480662381203456,semantic_cache0_low,"[0.24400695704832095, 0.5115485985072346]",27,"[0.02096422243234672, 0.2012579997898755]",27,0.1111111111111111,0.0,0.0,0.5,0.23898825204470744,"[-0.00711111111111111, 0.021925925925925925]",27,0.007407407407407408,0.0,0.0,0.0,0.03849001794597505,0.37777777777777777,0.25,0.25,1.0,0.3546395786840927,"[0.8187979358997585, 1.1812020641002414]",27,1.0,1.0,1.0,2.0,0.4803844614152614,"[0.7087611603190473, 0.9504980989402119]",27,0.8296296296296296,1.0,1.0,1.0,0.3204341783862369,"[0.4602534928256566, 0.5872002079461057]",27,0.5237268503858812,0.4547080025076866,0.4547080025076866,0.7943877048091962,0.1682741023795333,"[0.7680875128220612, 1.0096902649557165]",27,0.8888888888888888,1.0,1.0,1.0,0.32025630761017426,"[0.6689604653450535, 0.9236321272475391]",27,0.7962962962962963,1.0,1.0,1.0,0.3375797890278889,"[-0.16432065970080534, 2.4264011769706144]",27,1.1310402586349044,0.01212404458783567,0.01212404458783567,9.531153898569752,3.434128966372238,"[7.074683768011934, 7.838582355764486]",27,7.45663306188821,7.856810220071773,7.856810220071773,8.168936571058742,1.0125850758807635,"[96.04173941072396, 134.85192126231982]",27,115.4468303365219,113.68095799116418,113.68095799116418,201.87961641058791,51.44480113618746
"[-24.533178603400046, 367.1210305291014]",27,171.29392596285066,2.8219999803695828,2.8219999803695828,1414.5902542863034,519.1568795018105,"[0.8187979358997585, 1.1812020641002414]",27,1.0,1.0,1.0,2.0,0.4803844614152614,"[0.2534406980175803, 0.6354481908713085]",27,0.4444444444444444,0.0,0.0,1.0,0.5063696835418333,"[0.2534406980175803, 0.6354481908713085]",27,0.4444444444444444,0.0,0.0,1.0,0.5063696835418333,"[0.31879793589975847, 0.6812020641002415]",27,0.5,0.5,0.5,1.0,0.4803844614152614,"[0.36455180912869145, 0.7465593019824197]",27,0.5555555555555556,1.0,1.0,1.0,0.5063696835418333,"[7719.773758197349, 11784.029491805239]",27,9751.901625001294,11817.531583976233,11817.531583976233,16494.928108202294,5387.370478746417,"[-0.009690264955716552, 0.23191248717793878]",27,0.1111111111111111,0.0,0.0,1.0,0.32025630761017426,"[372.95321169133746, 573.8155261551651]",27,473.38436892325126,355.7479580049403,355.7479580049403,843.9172125974437,266.25285763563244,"[7034.464463640824, 10948.128712426396]",27,8991.29658803361,9818.501917005051,9818.501917005051,15960.606933699453,5187.754073466195,"[626.4406691983281, 646.7780808016719]",27,636.609375,630.265625,630.265625,634.603125,26.958237391402317,"[286.3712649272111, 756.6242627763627]",27,521.4977638517869,0.0,0.0,1487.2750499198444,623.3434321578893,"[3106.884376361553, 3175.884612353724]",27,3141.3844943576387,3109.65185546875,3109.65185546875,3395.24560546875,91.46319985154321,"[3111.1032780108026, 3180.7337988121144]",27,3145.9185384114585,3114.089111328125,3114.089111328125,3401.4495849609375,92.29867330511763,"[3453.747777777778, 3474.1735185185184]",27,3463.9606481481483,3458.75,3458.75,3458.75,27.075321998871825,"[3458.765625, 3458.765625]",27,3458.765625,3458.765625,3458.765625,3458.765625,0.0,warm_methods,"[0.0007212464141489533, 0.0010749083396044794]",27,0.0008980773768767163,0.0008330098353326321,0.0008330098353326321,0.0014670076780021188,0.0004687962425445978,semantic_cache1_high,"[0.24400695704832095, 0.5115485985072346]",27,"[0.02096422243234672, 0.2012579997898755]",27,0.1111111111111111,0.0,0.0,0.5,0.23898825204470744,"[-0.00711111111111111, 0.021925925925925925]",27,0.007407407407407408,0.0,0.0,0.0,0.03849001794597505,0.37777777777777777,0.25,0.25,1.0,0.3546395786840927,"[0.9903097350442835, 1.2319124871779388]",27,1.1111111111111112,1.0,1.0,2.0,0.32025630761017426,"[0.7087611603190473, 0.9504980989402119]",27,0.8296296296296296,1.0,1.0,1.0,0.3204341783862369,"[1.0290946981437454, 1.2705503379013023]",27,1.1498225180225239,1.2351660116109997,1.2351660116109997,1.472350093536079,0.3200613029342882,"[0.7680875128220612, 1.0096902649557165]",27,0.8888888888888888,1.0,1.0,1.0,0.32025630761017426,"[0.6689604653450535, 0.9236321272475391]",27,0.7962962962962963,1.0,1.0,1.0,0.3375797890278889,"[-0.14650400030053112, 2.5104602879072537]",27,1.1819781438033614,0.016290985513478518,0.016290985513478518,10.571346702636216,3.5219365875550728,"[5.947593377392988, 6.884385234103001]",27,6.415989305747995,6.772538711063683,6.772538711063683,7.3520789408181395,1.2417635907692801,"[32.518285265868215, 83.98392762712538]",27,58.2511064464968,0.0,0.0,157.1098000073107,68.22023526571417
"[-28.73616977276211, 427.25636118411194]",27,199.2600957056749,7.115208019968122,7.115208019968122,1725.8357831189633,604.440483282574,"[0.8187979358997585, 1.1812020641002414]",27,1.0,1.0,1.0,2.0,0.4803844614152614,"[0.7680875128220612, 1.0096902649557165]",27,0.8888888888888888,1.0,1.0,1.0,0.32025630761017426,"[0.7680875128220612, 1.0096902649557165]",27,0.8888888888888888,1.0,1.0,1.0,0.32025630761017426,"[-0.004845132477858276, 0.11595624358896939]",27,0.05555555555555555,0.0,0.0,0.5,0.16012815380508713,"[-0.009690264955716552, 0.23191248717793878]",27,0.1111111111111111,0.0,0.0,1.0,0.32025630761017426,"[7316.062153747003, 11232.793336918621]",27,9274.427745332812,9703.858083026716,9703.858083026716,15839.452333209918,5191.81944554281,"[-0.009690264955716552, 0.23191248717793878]",27,0.1111111111111111,0.0,0.0,1.0,0.32025630761017426,"[240.17225489112292, 314.7995445939693]",27,277.4858997425461,260.370249976404,260.370249976404,325.5116001906572,98.92213576262114,"[6345.150434784897, 10069.310793804165]",27,8207.23061429453,8814.571332972264,8814.571332972264,15028.211166890103,4936.55736532295,"[629.7240113692865, 631.0653404825655]",27,630.394675925926,631.390625,631.390625,631.453125,1.7779975820438894,"[598.5854258800297, 912.921185374916]",27,755.7533056274729,722.6600839931052,722.6600839931052,1122.8275997884339,416.66747914354164,"[3106.884376361553, 3175.884612353724]",27,3141.3844943576387,3109.65185546875,3109.65185546875,3395.24560546875,91.46319985154321,"[3111.2863513117595, 3180.3672945215735]",27,3145.8268229166665,3114.61083984375,3114.61083984375,3399.946044921875,91.57018123023789,"[3458.75, 3458.75]",27,3458.75,3458.75,3458.75,3458.75,0.0,"[3458.765625, 3458.765625]",27,3458.765625,3458.765625,3458.765625,3458.765625,0.0,warm_methods,"[0.0008352091093341268, 0.001087680968942269]",27,0.0009614450391381979,0.0009590003173798323,0.0009590003173798323,0.0014456920325756073,0.00033466384310410657,semantic_cache1_low,"[0.24400695704832095, 0.5115485985072346]",27,"[0.02096422243234672, 0.2012579997898755]",27,0.1111111111111111,0.0,0.0,0.5,0.23898825204470744,"[-0.00711111111111111, 0.021925925925925925]",27,0.007407407407407408,0.0,0.0,0.0,0.03849001794597505,0.37777777777777777,0.25,0.25,1.0,0.3546395786840927,"[0.9903097350442835, 1.2319124871779388]",27,1.1111111111111112,1.0,1.0,2.0,0.32025630761017426,"[0.7087611603190473, 0.9504980989402119]",27,0.8296296296296296,1.0,1.0,1.0,0.3204341783862369,"[1.0903274917563255, 1.3712928818950598]",27,1.2308101868256927,1.2612090213224292,1.2612090213224292,1.7074079049052668,0.3724334164964537,"[0.7680875128220612, 1.0096902649557165]",27,0.8888888888888888,1.0,1.0,1.0,0.32025630761017426,"[0.6689604653450535, 0.9236321272475391]",27,0.7962962962962963,1.0,1.0,1.0,0.3375797890278889,"[-0.16642361960588747, 2.2024545067835843]",27,1.0180154435888484,0.014958000974729657,0.014958000974729657,9.10952861013356,3.1400642386569904,"[6.664169633522618, 7.340048420956841]",27,7.0021090272397295,7.405013015300432,7.405013015300432,7.784672839346906,0.8959105098934597,"[88.48257770524857, 117.07797155409243]",27,102.7802746296705,114.22279200633056,114.22279200633056,126.96577508759219,37.90459822089803
"[-12.176746117401848, 263.75197752292877]",27,125.78761570276347,16.03999998769723,16.03999998769723,784.5107331027975,365.75706781582977,"[0.8187979358997585, 1.1812020641002414]",27,1.0,1.0,1.0,2.0,0.4803844614152614,"[0.0, 0.0]",27,0.0,0.0,0.0,0.0,0.0,"[0.0, 0.0]",27,0.0,0.0,0.0,0.0,0.0,"[0.7680875128220612, 1.0096902649557165]",27,0.8888888888888888,1.0,1.0,1.0,0.32025630761017426,"[1.0, 1.0]",27,1.0,1.0,1.0,1.0,0.0,"[4380.6192661837185, 6844.321184484305]",27,5612.470225334012,5997.3077079921495,5997.3077079921495,9210.57427120104,3265.7578294909626,"[-0.009690264955716552, 0.23191248717793878]",27,0.1111111111111111,0.0,0.0,1.0,0.32025630761017426,"[248.26761992615548, 296.11380592133366]",27,272.19071292374457,265.4905410017818,265.4905410017818,358.82012880174443,63.42246818268301,"[4294.350285861858, 6667.129649243343]",27,5480.7399675526,5973.758292006096,5973.758292006096,8512.440616893582,3145.235519791582,"[631.2867157429786, 631.4065712940584]",27,631.3466435185185,631.265625,631.265625,631.578125,0.1588744163568219,"[0.0, 0.0]",27,0.0,0.0,0.0,0.0,0.0,"[3395.825619372284, 3430.4503137874385]",27,3413.1379665798613,3397.21435546875,3397.21435546875,3540.52685546875,45.896732084383096,"[3400.1887938675372, 3435.083630900981]",27,3417.636212384259,3402.177734375,3402.177734375,3545.9271484375,46.25481938553168,"[3602.75, 3602.75]",27,3602.75,3602.75,3602.75,3602.75,0.0,"[3602.765625, 3602.765625]",27,3602.765625,3602.765625,3602.765625,3602.765625,0.0,warm_methods,"[0.000476107643918799, 0.0005979616736494324]",27,0.0005370346587841157,0.000500003807246685,0.000500003807246685,0.0008375063771381973,0.00016152349790851962,semantic_cache3_high,"[0.23437564330030308, 0.5063650974404377]",27,"[0.008739214025277442, 0.19866819338212996]",27,0.1037037037037037,0.0,0.0,0.5,0.25176018526206817,"[0.0, 0.0]",27,0.0,0.0,0.0,0.0,0.0,0.37037037037037035,0.25,0.25,1.0,0.3605353727247231,"[3.0, 3.0]",27,3.0,3.0,3.0,3.0,0.0,"[0.7087611603190473, 0.9504980989402119]",27,0.8296296296296296,1.0,1.0,1.0,0.3204341783862369,"[0.6872173974443685, 0.8159583889243183]",27,0.7515878931843434,0.6929590017534792,0.6929590017534792,1.0643589106621218,0.17065250377045796,"[0.7680875128220612, 1.0096902649557165]",27,0.8888888888888888,1.0,1.0,1.0,0.32025630761017426,"[0.6689604653450535, 0.9236321272475391]",27,0.7962962962962963,1.0,1.0,1.0,0.3375797890278889,"[-0.00830456900013199, 0.3051008486835652]",27,0.1483981398417166,0.004874949809163809,0.004874949809163809,1.2993705109693108,0.4154342654047263,"[10.322940561632613, 11.200221671238506]",27,10.76158111643556,11.288948228450343,11.288948228450343,11.684861038052878,1.1628791742534241,"[0.0, 0.0]",27,0.0,0.0,0.0,0.0,0.0
"[11.949473771984401, 231.52309126248898]",27,121.73628251723669,20.562457997584715,20.562457997584715,899.3851873005041,291.0556082871798,"[0.8187979358997585, 1.1812020641002414]",27,1.0,1.0,1.0,2.0,0.4803844614152614,"[0.0, 0.0]",27,0.0,0.0,0.0,0.0,0.0,"[0.0, 0.0]",27,0.0,0.0,0.0,0.0,0.0,"[0.7680875128220612, 1.0096902649557165]",27,0.8888888888888888,1.0,1.0,1.0,0.32025630761017426,"[1.0, 1.0]",27,1.0,1.0,1.0,1.0,0.0,"[6175.216376597992, 9518.269478138849]",27,7846.74292736842,8066.89220800763,8066.89220800763,12428.372516887612,4431.380987961337,"[-0.009690264955716552, 0.23191248717793878]",27,0.1111111111111111,0.0,0.0,1.0,0.32025630761017426,"[340.78484063270884, 400.94168099194]",27,370.8632608123244,403.8924579799641,403.8924579799641,478.02187509660143,79.74084484056006,"[6076.565020044081, 9357.584350400599]",27,7717.07468522234,8041.258791985456,8041.258791985456,11702.802054319181,4349.152179178395,"[628.7920359804451, 628.9313436491844]",27,628.8616898148148,628.84375,628.84375,629.0625,0.18465915316875806,"[0.0, 0.0]",27,0.0,0.0,0.0,0.0,0.0,"[3395.8253165515043, 3430.4575610526626]",27,3413.1414388020835,3397.21435546875,3397.21435546875,3540.55810546875,45.906740093995914,"[3400.010925863361, 3434.9424342350185]",27,3417.47668004919,3401.678955078125,3401.678955078125,3545.91845703125,46.3034290444353,"[3602.75, 3602.75]",27,3602.75,3602.75,3602.75,3602.75,0.0,"[3602.765625, 3602.765625]",27,3602.765625,3602.765625,3602.765625,3602.765625,0.0,warm_methods,"[0.0007589259796870193, 0.0009293721342330514]",27,0.0008441490569600353,0.0008329807315021753,0.0008329807315021753,0.0013249024050310252,0.00022593474461362077,semantic_cache3_low,"[0.23437564330030308, 0.5063650974404377]",27,"[0.008739214025277442, 0.19866819338212996]",27,0.1037037037037037,0.0,0.0,0.5,0.25176018526206817,"[0.0, 0.0]",27,0.0,0.0,0.0,0.0,0.0,0.37037037037037035,0.25,0.25,1.0,0.3605353727247231,"[3.0, 3.0]",27,3.0,3.0,3.0,3.0,0.0,"[0.7087611603190473, 0.9504980989402119]",27,0.8296296296296296,1.0,1.0,1.0,0.3204341783862369,"[1.1403898253193667, 1.2450174987331526]",27,1.1927036620262597,1.1508750030770898,1.1508750030770898,1.47046699130442,0.13868911701306189,"[0.7680875128220612, 1.0096902649557165]",27,0.8888888888888888,1.0,1.0,1.0,0.32025630761017426,"[0.6689604653450535, 0.9236321272475391]",27,0.7962962962962963,1.0,1.0,1.0,0.3375797890278889,"[-0.0920812328932803, 0.7090624151406806]",27,0.30849059112370014,0.016584002878516912,0.016584002878516912,1.3138449168764055,1.0619552315478815,"[7.078147553974775, 8.038310189124267]",27,7.558228871549521,8.192115577761804,8.192115577761804,8.399681783685264,1.2727427048021482,"[0.0, 0.0]",27,0.0,0.0,0.0,0.0,0.0
